Workbook

Sheet Set points
A1: FO | D1: Upconcentration part | G1: FO Membrane properties | J1: RO | M1: RO Membrane properties
A3: Feed tank volume | B3: 200 | C3: L | D3: Used setup | E3: RO | G3: FO element type | H3: HFFO14 | J3: Operational feed pressure | K3: 50 | L3: bar | M3: membrane active area | N3: 2.8 | O3: m^2
A4: Draw tank volume | B4: 200 | C4: L | D4: Membrane element | G4: membrane active area | H4: 13.8 | I4: m^2 | J4: Feed flow | K4: 650 | L4: L/h
A5: Feed tank concentration | B5: Textile 90% recovery | D5: Feed tank volume | F5: l | J5: Operational mode | K5: permeate recirculation
A6: Draw tank concentration | B6: 0.7 | C6: M NaCl | D6: Feed tank concentration | G6: Placement of element | H6: horizontal
A8: Feed temperature | B8: =AVERAGE(#REF!,'Raw replicate 1'!X2:X710,'Raw data replicate 2'!T2:T718,#REF!) -> #REF! | C8: ˚C | D8: End time
A9: Draw temperature | B9: =AVERAGE(#REF!,'Raw replicate 1'!W2:W710,'Raw data replicate 2'!S2:S718,#REF!) -> #REF! | C9: ˚C

Sheet Raw replicate 1
A1: Absolute Time (Hr-min-S) | B1: Experiment Time (s) | C1: Experiment Time (min) | D1: Emergency-Stop-FO ( ) | E1: Emergency-Stop-RO ( ) | F1: F1-FO-Draw (l/hr) | G1: F2-FO-Feed (l/hr) | H1: F3-FO-Dosing (%) | I1: F4-RO-Feed (l/hr) | J1: F5-RO-Perm (l/hr) | K1: P1-FO-Draw-in (barg) | L1: P2-FO-Feed-in (barg) | M1: P3-FO-Draw-out (barg) | N1: P4-FO-Feed-out (barg) | O1: F6-RO-Ret (l/hr) | P1: P5-RO-Feed (barg) | Q1: P6-RO-Ret (barg) | R1: F3-FO-Feed-Out (l/hr) | S1: FO-TMP-Feed (barg) | T1: RO-TMP (barg) | U1: C1-FO-Draw-Cond. (mS/cm) | V1: C2-FO-Feed-Cond. (mS/cm) | W1: C1-FO-Draw-Temp. (C) | X1: C2-FO-Feed-Temp. (C) | Y1: T1-RO-Feed-Temp. (C) | Z1: S1-FO-Draw-Weight (kg) | AA1: S2-FO-Feed-Weight (kg) | AB1: S1-FO-Draw-Flow (Kg/hr) | AC1: S2-FO-Feed-Flow (Kg/hr) | AD1: FO-TMP-real (bar) | AE1: L1-FO-Draw-Level (%) | AF1: L2-FO-Feed-Level (%) | AG1: L3-RO-Perm-Level (%) | AH1: L2-FO-Feed-Volume (l) | AI1: L3-RO-Perm-Volume (l) | AJ1: F1-Frequency (Hz) | AK1: F2-Frequency (Hz) | AL1: ( ) | AM1: F3-Frequency (Hz) | AN1: F4-Frequency (Hz)
A2: 0.38356481 | B2: 450.2985 | C2: =B2/60 -> 7.504975 | D2: 0.9091 | E2: 0.9091 | F2: 63.5138 | G2: 264.7299 | H2: 0 | I2: 649.199 | J2: 42.3907 | K2: 0.2507 | L2: 0.3468 | M2: 0.1099 | N2: 0.1502 | O2: 606.7591 | P2: 49.9713 | Q2: 48.3999 | R2: 210.1139 | S2: 0 | T2: =AVERAGE(P2:Q2) -> 49.1856 | U2: 66.2143 | V2: 25.4937 | W2: 24.3618 | X2: 20.312 | Y2: 23.5 | Z2: 6.657 | AA2: 2.1306 | AB2: 5487.6934 | AC2: 47.3177 | AD2: 0.0411 | AE2: 0 | AF2: 99.9969 | AG2: 73.428 | AH2: 204.9937 | AI2: 150.5223 | AJ2: 18.097 | AK2: 42.185 | AL2: 0 | AM2: 278.164 | AN2: 412.371
A3: 0.38391204 | B3: 480.449 | C3: =B3/60 -> 8.0074833 | D3: 0.9091 | E3: 0.9091 | F3: 65.8987 | G3: 217.3267 | H3: 0 | I3: 650.6458 | J3: 40.5854 | K3: 0.255 | L3: 0.3358 | M3: 0.1138 | N3: 0.1453 | O3: 610.0257 | P3: 49.3409 | Q3: 47.797 | R3: 158.2044 | S3: 0 | T3: =AVERAGE(P3:Q3) -> 48.56895 | U3: 66.3154 | V3: 27.0197 | W3: 24.4297 | X3: 20.1299 | Y3: 23.6 | Z3: 8.9294 | AA3: 0 | AB3: 7271.3016 | AC3: 0 | AD3: 0.0634 | AE3: 0 | AF3: 99.9969 | AG3: 73.4232 | AH3: 204.9937 | AI3: 150.5226 | AJ3: 18.409 | AK3: 69.314 | AL3: 0 | AM3: 262.812 | AN3: 411.692
A4: 0.38425926 | B4: 510.3998 | C4: =B4/60 -> 8.5066633 | D4: 0.9091 | E4: 0.9091 | F4: 61.0466 | G4: 389.229 | H4: 0 | I4: 647.2982 | J4: 42.369 | K4: 0.2606 | L4: 0.4583 | M4: 0.1202 | N4: 0.1646 | O4: 604.9486 | P4: 49.8117 | Q4: 48.2975 | R4: 322.717 | S4: 0 | T4: =AVERAGE(P4:Q4) -> 49.0546 | U4: 65.393 | V4: 29.8208 | W4: 24.5312 | X4: 20.4263 | Y4: 23.6 | Z4: 0 | AA4: 0 | AB4: 0 | AC4: 0 | AD4: 0.1245 | AE4: 0 | AF4: 99.9969 | AG4: 73.4263 | AH4: 204.6004 | AI4: 150.5223 | AJ4: 18.725 | AK4: 115.942 | AL4: 0 | AM4: 284.333 | AN4: 439.174
A5: 0.38460648 | B5: 540.4005 | C5: =B5/60 -> 9.006675 | D5: 0.9091 | E5: 0.9091 | F5: 70.0331 | G5: 281.8439 | H5: 0 | I5: 650.7168 | J5: 40.8245 | K5: 0.2636 | L5: 0.3993 | M5: 0.1202 | N5: 0.1505 | O5: 609.9353 | P5: 49.1016 | Q5: 47.5968 | R5: 230.1341 | S5: 0 | T5: =AVERAGE(P5:Q5) -> 48.3492 | U5: 64.701 | V5: 25.3463 | W5: 24.5879 | X5: 20.6997 | Y5: 23.6 | Z5: 0.0096 | AA5: 0 | AB5: 8.1845 | AC5: 0 | AD5: 0.0817 | AE5: 0 | AF5: 99.9969 | AG5: 73.4252 | AH5: 204.835 | AI5: 150.5224 | AJ5: 18.625 | AK5: 80.057 | AL5: 0 | AM5: 285.959 | AN5: 421.052
A6: 0.3849537 | B6: 570.549 | C6: =B6/60 -> 9.50915 | D6: 0.9091 | E6: 0.9091 | F6: 72.6535 | G6: 426.5093 | H6: 0 | I6: 651.4158 | J6: 41.1619 | K6: 0.2641 | L6: 0.4997 | M6: 0.1208 | N6: 0.1636 | O6: 610.3427 | P6: 48.9127 | Q6: 47.4609 | R6: 380.1743 | S6: 0 | T6: =AVERAGE(P6:Q6) -> 48.1868 | U6: 64.9661 | V6: 25.6117 | W6: 24.5991 | X6: 20.8706 | Y6: 23.6 | Z6: 0 | AA6: 0.6895 | AB6: 0 | AC6: -173.5951 | AD6: 0.1373 | AE6: 0 | AF6: 99.9969 | AG6: 73.4255 | AH6: 204.9297 | AI6: 150.522 | AJ6: 19.064 | AK6: 116.373 | AL6: 0 | AM6: 287.438 | AN6: 436.49
A7: 0.38530093 | B7: 600.4988 | C7: =B7/60 -> 10.008313 | D7: 0.9091 | E7: 0.9091 | F7: 70.3539 | G7: 292.9031 | H7: 0 | I7: 650.0887 | J7: 41.9317 | K7: 0.2629 | L7: 0.3979 | M7: 0.121 | N7: 0.1383 | O7: 608.1581 | P7: 49.3475 | Q7: 47.8586 | R7: 257.4402 | S7: 0 | T7: =AVERAGE(P7:Q7) -> 48.60305 | U7: 65.4127 | V7: 25.4073 | W7: 24.5991 | X7: 21.0757 | Y7: 23.6 | Z7: 21.8879 | AA7: 0.6623 | AB7: -16697.756 | AC7: -286.8976 | AD7: 0.0675 | AE7: 0 | AF7: 99.9969 | AG7: 73.4232 | AH7: 204.9679 | AI7: 150.5212 | AJ7: 19.536 | AK7: 75.091 | AL7: 0 | AM7: 268.889 | AN7: 422.832
A8: 0.38564815 | B8: 630.4996 | C8: =B8/60 -> 10.508327 | D8: 0.9091 | E8: 0.9091 | F8: 69.0071 | G8: 397.0291 | H8: 0 | I8: 647.8286 | J8: 41.8198 | K8: 0.2637 | L8: 0.4672 | M8: 0.1208 | N8: 0.1475 | O8: 606.0793 | P8: 49.5464 | Q8: 48.0294 | R8: 348.7192 | S8: 0 | T8: =AVERAGE(P8:Q8) -> 48.7879 | U8: 65.7199 | V8: 26.2021 | W8: 24.5879 | X8: 21.2808 | Y8: 23.6 | Z8: 0 | AA8: 11.3087 | AB8: 0 | AC8: -864.2436 | AD8: 0.1143 | AE8: 0 | AF8: 99.9969 | AG8: 73.4248 | AH8: 204.9834 | AI8: 150.5215 | AJ8: 19.667 | AK8: 106.371 | AL8: 0 | AM8: 278.009 | AN8: 456.829
A9: 0.38599537 | B9: 660.5482 | C9: =B9/60 -> 11.009137 | D9: 0.9091 | E9: 0.9091 | F9: 70.3313 | G9: 307.1757 | H9: 0 | I9: 648.7495 | J9: 41.2424 | K9: 0.2635 | L9: 0.4035 | M9: 0.1208 | N9: 0.139 | O9: 607.5156 | P9: 49.1913 | Q9: 47.6595 | R9: 265.476 | S9: 0 | T9: =AVERAGE(P9:Q9) -> 48.4254 | U9: 65.9113 | V9: 25.6423 | W9: 24.5991 | X9: 21.4746 | Y9: 23.7 | Z9: 28.4029 | AA9: 1.2142 | AB9: 73604.05 | AC9: -970.7782 | AD9: 0.0805 | AE9: 0 | AF9: 99.9969 | AG9: 73.4256 | AH9: 204.9896 | AI9: 150.5218 | AJ9: 20.069 | AK9: 82.243 | AL9: 0 | AM9: 283.848 | AN9: 420.344
A10: 0.38634259 | B10: 690.5999 | C10: =B10/60 -> 11.509998 | D10: 0.9091 | E10: 0.9091 | F10: 70.584 | G10: 410.1728 | H10: 0 | I10: 651.798 | J10: 42.1305 | K10: 0.2634 | L10: 0.494 | M10: 0.1205 | N10: 0.1505 | O10: 609.6685 | P10: 49.5659 | Q10: 48.056 | R10: 369.0664 | S10: 0 | T10: =AVERAGE(P10:Q10) -> 48.81095 | U10: 66.0191 | V10: 23.7546 | W10: 24.6104 | X10: 21.623 | Y10: 23.7 | Z10: 18.4173 | AA10: 1.1199 | AB10: -9958.2816 | AC10: 684.9601 | AD10: 0.1193 | AE10: 0 | AF10: 99.9969 | AG10: 73.4232 | AH10: 204.9921 | AI10: 150.5185 | AJ10: 20.328 | AK10: 99.512 | AL10: 0 | AM10: 264.48 | AN10: 426.075
A11: 0.38668981 | B11: 720.5487 | C11: =B11/60 -> 12.009145 | D11: 0.9091 | E11: 0.9091 | F11: 72.8739 | G11: 293.6916 | H11: 0 | I11: 651.2429 | J11: 42.5883 | K11: 0.2645 | L11: 0.3928 | M11: 0.1213 | N11: 0.1421 | O11: 608.6698 | P11: 49.5832 | Q11: 48.1209 | R11: 244.8629 | S11: 0 | T11: =AVERAGE(P11:Q11) -> 48.85205 | U11: 66.1076 | V11: 26.192 | W11: 24.6216 | X11: 21.7598 | Y11: 23.6 | Z11: 7.7441 | AA11: 0.1698 | AB11: 4248.996 | AC11: -121.4446 | AD11: 0.0812 | AE11: 0 | AF11: 99.9969 | AG11: 73.4224 | AH11: 204.3545 | AI11: 150.5173 | AJ11: 20.155 | AK11: 85.244 | AL11: 0 | AM11: 282.565 | AN11: 420.344
A12: 0.38704861 | B12: 750.4486 | C12: =B12/60 -> 12.507477 | D12: 0.9091 | E12: 0.9091 | F12: 69.4629 | G12: 352.5604 | H12: 0 | I12: 649.5883 | J12: 43.1614 | K12: 0.2635 | L12: 0.459 | M12: 0.1212 | N12: 0.1434 | O12: 606.4153 | P12: 49.7991 | Q12: 48.2844 | R12: 318.4617 | S12: 0 | T12: =AVERAGE(P12:Q12) -> 49.04175 | U12: 66.1517 | V12: 24.8946 | W12: 24.6328 | X12: 21.9648 | Y12: 23.6 | Z12: 0.1431 | AA12: 0 | AB12: 236.8161 | AC12: 0 | AD12: 0.1069 | AE12: 0 | AF12: 99.9969 | AG12: 73.4248 | AH12: 204.7343 | AI12: 150.5178 | AJ12: 19.271 | AK12: 102.051 | AL12: 0 | AM12: 276.778 | AN12: 436.49
A13: 0.38739583 | B13: 780.6999 | C13: =B13/60 -> 13.011665 | D13: 0.9091 | E13: 0.9091 | F13: 70.7832 | G13: 311.3458 | H13: 0 | I13: 649.8763 | J13: 41.405 | K13: 0.2624 | L13: 0.4192 | M13: 0.1207 | N13: 0.1356 | O13: 608.5331 | P13: 48.9377 | Q13: 47.4666 | R13: 269.3267 | S13: 0 | T13: =AVERAGE(P13:Q13) -> 48.20215 | U13: 66.1464 | V13: 26.0707 | W13: 24.6553 | X13: 22.0791 | Y13: 23.6 | Z13: 3.5656 | AA13: 39.7629 | AB13: -4295.3989 | AC13: 5418.8912 | AD13: 0.1004 | AE13: 0 | AF13: 99.9969 | AG13: 73.4244 | AH13: 204.8902 | AI13: 150.5187 | AJ13: 20.114 | AK13: 128.024 | AL13: 0 | AM13: 286.615 | AN13: 439.947
... A710: 0.62939815 | B710: 21690.499 | C710: =B710/60 -> 361.50831 | D710: 0.9091 | E710: 0.9091 | F710: 68.1799 | G710: 334.2359 | H710: 0 | I710: 644.229 | J710: 61.3791 | K710: 0.1904 | L710: 0.2256 | M710: 0.0856 | N710: 0.0847 | O710: 583.7322 | P710: 49.3255 | Q710: 47.9154 | R710: 291.5717 | S710: 0 | T710: =AVERAGE(P710:Q710) -> 48.62045 | U710: 63.8733 | V710: 43.3658 | W710: 36.5205 | X710: 34.9814 | Y710: 36.1 | Z710: 0 | AA710: 0 | AB710: 0 | AC710: 0 | AD710: 0.0001 | AE710: 0 | AF710: 86.0884 | AG710: 73.4538 | AH710: 176.4455 | AI710: 150.5829 | AJ710: 11.609 | AK710: 6.962 | AL710: 0 | AM710: 2.953 | AN710: 3.103

Sheet Raw data replicate 2
A1: Absolute Time (Hr-min-S) | B1: Experiment Time (s) | C1: Experiment Time (min) | D1: Emergency-Stop-FO ( ) | E1: Emergency-Stop-RO ( ) | F1: F2-FO-Feed (l/hr) | G1: F4-RO-Feed (l/hr) | H1: F5-RO-Perm (l/hr) | I1: P1-FO-Draw-in (barg) | J1: P2-FO-Feed-in (barg) | K1: P3-FO-Draw-out (barg) | L1: P4-FO-Feed-out (barg) | M1: F6-RO-Ret (l/hr) | N1: P5-RO-Feed (barg) | O1: P6-RO-Ret (barg) | P1: RO-TMP (barg) | Q1: C1-FO-Draw-Cond. (mS/cm) | R1: C2-FO-Feed-Cond. (mS/cm) | S1: C1-FO-Draw-Temp. (C) | T1: C2-FO-Feed-Temp. (C) | U1: T1-RO-Feed-Temp. (C) | V1: S1-FO-Draw-Weight (kg) | W1: S2-FO-Feed-Weight (kg) | X1: S1-FO-Draw-Flow (Kg/hr) | Y1: S2-FO-Feed-Flow (Kg/hr) | Z1: FO-TMP-real (bar) | AA1: L2-FO-Feed-Level (%) | AB1: L3-RO-Perm-Level (%) | AC1: L2-FO-Feed-Volume (l) | AD1: L3-RO-Perm-Volume (l) | AE1: F1-Frequency (Hz) | AF1: F2-Frequency (Hz) | AG1: F3-Frequency (Hz) | AH1: F4-Frequency (Hz)
A2: 0.33694444 | B2: 300.3987 | C2: =B2/60 -> 5.006645 | D2: 0.9091 | E2: 0.9091 | F2: 240.6407 | G2: 653.182 | H2: 25.1691 | I2: 0.091 | J2: 0.3591 | K2: 0.0749 | L2: 0.1572 | M2: 628.3385 | N2: 48.323 | O2: 46.671 | P2: =AVERAGE(N2:O2) -> 47.497 | Q2: 0.2556 | R2: 26.131 | S2: 25.7954 | T2: 15.9238 | U2: 27.1 | V2: 0 | W2: 0.1044 | X2: 0 | Y2: -266.5869 | Z2: 0.1798 | AA2: 97.0664 | AB2: 99.2358 | AC2: 200.5036 | AD2: 203.4339 | AE2: 0.001 | AF2: 71.957 | AG2: 278.009 | AH2: 466.2
A3: 0.33729167 | B3: 330.4983 | C3: =B3/60 -> 5.508305 | D3: 0.9091 | E3: 0.9091 | F3: 349.1974 | G3: 651.238 | H3: 46.3186 | I3: 0.1249 | J3: 0.3892 | K3: 0.0825 | L3: 0.1674 | M3: 604.8909 | N3: 49.3395 | O3: 47.8682 | P3: =AVERAGE(N3:O3) -> 48.60385 | Q3: 0.2517 | R3: 34.9134 | S3: 25.7842 | T3: 18.9897 | U3: 27.1 | V3: 0 | W3: 1.4275 | X3: 0 | Y3: -762.5402 | Z3: 0.1542 | AA3: 98.2057 | AB3: 99.238 | AC3: 200.4966 | AD3: 203.4359 | AE3: 6.14 | AF3: 81.267 | AG3: 257.135 | AH3: 491.4
A4: 0.33763889 | B4: 360.5489 | C4: =B4/60 -> 6.0091483 | D4: 0.9091 | E4: 0.9091 | F4: 328.9656 | G4: 649.0463 | H4: 46.6088 | I4: 0.161 | J4: 0.3944 | K4: 0.0822 | L4: 0.1669 | M4: 602.4008 | N4: 49.7287 | O4: 48.2359 | P4: =AVERAGE(N4:O4) -> 48.9823 | Q4: 64.8907 | R4: 29.8888 | S4: 25.7729 | T4: 20.4717 | U4: 27.2 | V4: 0 | W4: 0 | X4: 0 | Y4: 0 | Z4: 0.1521 | AA4: 99.9969 | AB4: 99.2354 | AC4: 203.111 | AD4: 203.4367 | AE4: 6.747 | AF4: 91 | AG4: 273.448 | AH4: 478.24
A5: 0.33798611 | B5: 390.3989 | C5: =B5/60 -> 6.5066483 | D5: 0.9091 | E5: 0.9091 | F5: 350.8678 | G5: 650.3485 | H5: 45.5635 | I5: 0.1953 | J5: 0.3979 | K5: 0.0826 | L5: 0.1627 | M5: 604.7708 | N5: 49.4234 | O5: 47.9416 | P5: =AVERAGE(N5:O5) -> 48.6825 | Q5: 65.0295 | R5: 28.2676 | S5: 25.8857 | T5: 19.9019 | U5: 27.1 | V5: 10.74 | W5: 0 | X5: 26564.895 | Y5: 0 | Z5: 0.1365 | AA5: 99.9969 | AB5: 99.2348 | AC5: 204.2254 | AD5: 203.4342 | AE5: 7.773 | AF5: 99.235 | AG5: 281.135 | AH5: 449.842
A6: 0.33833333 | B6: 420.4984 | C6: =B6/60 -> 7.0083067 | D6: 0.9091 | E6: 0.9091 | F6: 355.57 | G6: 649.0392 | H6: 45.8755 | I6: 0.2263 | J6: 0.373 | K6: 0.0941 | L6: 0.1497 | M6: 603.1425 | N6: 49.6616 | O6: 48.1357 | P6: =AVERAGE(N6:O6) -> 48.89865 | Q6: 65.6707 | R6: 28.0279 | S6: 26.0894 | T6: 18.8984 | U6: 27.2 | V6: 0 | W6: 0.2492 | X6: 0 | Y6: -1409.4108 | Z6: 0.1005 | AA6: 99.9969 | AB6: 99.2347 | AC6: 204.6836 | AD6: 203.4337 | AE6: 13.845 | AF6: 100.979 | AG6: 271.517 | AH6: 477.783
A7: 0.33868056 | B7: 450.5491 | C7: =B7/60 -> 7.5091517 | D7: 0.9091 | E7: 0.9091 | F7: 360.7314 | G7: 653.4974 | H7: 45.9964 | I7: 0.2403 | J7: 0.3643 | K7: 0.1039 | L7: 0.142 | M7: 607.3977 | N7: 49.6881 | O7: 48.1738 | P7: =AVERAGE(N7:O7) -> 48.93095 | Q7: 65.6822 | R7: 29.8969 | S7: 26.394 | T7: 18.4429 | U7: 27.3 | V7: 0 | W7: 1.4827 | X7: 0 | Y7: 1779.6342 | Z7: 0.0773 | AA7: 99.9969 | AB7: 99.2358 | AC7: 204.8686 | AD7: 203.4343 | AE7: 17.789 | AF7: 97.799 | AG7: 281.61 | AH7: 422.475
A8: 0.33902778 | B8: 480.5998 | C8: =B8/60 -> 8.0099967 | D8: 0.9091 | E8: 0.9091 | F8: 370.1505 | G8: 648.8784 | H8: 46.6979 | I8: 0.2456 | J8: 0.3713 | K8: 0.1073 | L8: 0.1488 | M8: 602.1318 | N8: 49.9889 | O8: 48.4962 | P8: =AVERAGE(N8:O8) -> 49.24255 | Q8: 65.7321 | R8: 31.335 | S8: 26.6309 | T8: 18.7734 | U8: 27.3 | V8: 0 | W8: 48.899 | X8: 0 | Y8: 18262.37 | Z8: 0.0821 | AA8: 99.9969 | AB8: 99.2362 | AC8: 204.9418 | AD8: 203.4339 | AE8: 18.398 | AF8: 101.739 | AG8: 268.024 | AH8: 449.034
A9: 0.339375 | B9: 510.4986 | C9: =B9/60 -> 8.50831 | D9: 0.9091 | E9: 0.9091 | F9: 353.1379 | G9: 650.6733 | H9: 45.1246 | I9: 0.2498 | J9: 0.3516 | K9: 0.109 | L9: 0.1399 | M9: 605.6499 | N9: 49.1293 | O9: 47.6618 | P9: =AVERAGE(N9:O9) -> 48.39555 | Q9: 64.9797 | R9: 31.9108 | S9: 26.8457 | T9: 19.2974 | U9: 27.3 | V9: 0.4038 | W9: 1.8984 | X9: -65.6105 | Y9: 506.2291 | Z9: 0.0667 | AA9: 99.9969 | AB9: 99.2361 | AC9: 204.9728 | AD9: 203.4337 | AE9: 17.608 | AF9: 100.735 | AG9: 274.951 | AH9: 485.201
A10: 0.33972222 | B10: 540.5493 | C10: =B10/60 -> 9.009155 | D10: 0.9091 | E10: 0.9091 | F10: 368.4474 | G10: 650.7743 | H10: 45.3996 | I10: 0.2521 | J10: 0.3526 | K10: 0.1102 | L10: 0.1336 | M10: 605.3303 | N10: 49.1602 | O10: 47.7089 | P10: =AVERAGE(N10:O10) -> 48.43455 | Q10: 64.8382 | R10: 32.0125 | S10: 26.9697 | T10: 19.7534 | U10: 27.3 | V10: 9.8061 | W10: 1.2243 | X10: -1168.6611 | Y10: -7570.613 | Z10: 0.056 | AA10: 99.9969 | AB10: 99.2358 | AC10: 204.9853 | AD10: 203.433 | AE10: 19.386 | AF10: 95.978 | AG10: 262.26 | AH10: 438.02
A11: 0.34006944 | B11: 570.5989 | C11: =B11/60 -> 9.5099817 | D11: 0.9091 | E11: 0.9091 | F11: 349.0598 | G11: 648.8362 | H11: 46.9397 | I11: 0.253 | J11: 0.3336 | K11: 0.1114 | L11: 0.1266 | M11: 601.8764 | N11: 49.9644 | O11: 48.4384 | P11: =AVERAGE(N11:O11) -> 49.2014 | Q11: 65.4168 | R11: 31.9648 | S11: 27.0825 | T11: 20.084 | U11: 27.3 | V11: 0 | W11: 40.4472 | X11: 0 | Y11: 12383.919 | Z11: 0.05 | AA11: 99.9969 | AB11: 99.2369 | AC11: 204.9903 | AD11: 203.4325 | AE11: 20.122 | AF11: 99.532 | AG11: 279.251 | AH11: 451.059
A12: 0.34041667 | B12: 600.5488 | C12: =B12/60 -> 10.009147 | D12: 0.9091 | E12: 0.9091 | F12: 353.3785 | G12: 648.9993 | H12: 45.2091 | I12: 0.2536 | J12: 0.3341 | K12: 0.1118 | L12: 0.1257 | M12: 603.7817 | N12: 49.2092 | O12: 47.6984 | P12: =AVERAGE(N12:O12) -> 48.4538 | Q12: 65.8777 | R12: 31.6991 | S12: 27.2183 | T12: 20.3691 | U12: 27.3 | V12: 0 | W12: 0.0736 | X12: 0 | Y12: -98.3695 | Z12: 0.0484 | AA12: 99.9969 | AB12: 99.2362 | AC12: 204.9924 | AD12: 203.4348 | AE12: 19.321 | AF12: 98.106 | AG12: 276.166 | AH12: 466.635
A13: 0.34076389 | B13: 630.6483 | C13: =B13/60 -> 10.510805 | D13: 0.9091 | E13: 0.9091 | F13: 355.3768 | G13: 650.4595 | H13: 45.8309 | I13: 0.2526 | J13: 0.3331 | K13: 0.1117 | L13: 0.1243 | M13: 604.62 | N13: 49.4583 | O13: 47.9387 | P13: =AVERAGE(N13:O13) -> 48.6985 | Q13: 66.063 | R13: 32.0407 | S13: 27.3647 | T13: 20.6426 | U13: 27 | V13: 0 | W13: 0 | X13: 0 | Y13: 0 | Z13: 0.0472 | AA13: 99.9969 | AB13: 99.2359 | AC13: 204.9932 | AD13: 203.4331 | AE13: 20.18 | AF13: 99.512 | AG13: 269.759 | AH13: 451.467
... A718: 0.58534722 | B718: 21762.699 | C718: =B718/60 -> 362.71164 | D718: 0.9091 | E718: 0.9091 | F718: 349.9275 | G718: 650.6502 | H718: 57.5109 | I718: 0.1623 | J718: 0.2366 | K718: 0.0763 | L718: 0.0812 | M718: 593.1384 | N718: 49.6807 | O718: 48.2792 | P718: =AVERAGE(N718:O718) -> 48.97995 | Q718: 66.0397 | R718: 41.953 | S718: 36.4189 | T718: 34.9248 | U718: 36.1 | V718: 5.3921 | W718: 1.8483 | X718: -434.4547 | Y718: 684.3845 | Z718: 0.0399 | AA718: 99.9969 | AB718: 99.231 | AC718: 204.9934 | AD718: 203.4206 | AE718: 19.071 | AF718: 97.247 | AG718: 276.778 | AH718: 569.151

Sheet Ofline data
A1: Day 2 | C1: Day 3
A2: Time | B2: Feed out cond [ms/cm] | C2: Time | D2: Feed out cond [ms/cm]
A3: 0.38356481 | B3: =#REF!/1000 -> #REF! | C3: 0.33694444 | D3: =#REF!/1000 -> #REF!
A4: 0.38391204 | B4: =#REF!/1000 -> #REF! | C4: 0.33729167 | D4: =#REF!/1000 -> #REF!
A5: 0.38425926 | B5: =#REF!/1000 -> #REF! | C5: 0.33763889 | D5: =#REF!/1000 -> #REF!
A6: 0.38460648 | B6: =#REF!/1000 -> #REF! | C6: 0.33798611 | D6: =#REF!/1000 -> #REF!
A7: 0.3849537 | B7: =#REF!/1000 -> #REF! | C7: 0.33833333 | D7: =#REF!/1000 -> #REF!
A8: 0.38530093 | B8: =#REF!/1000 -> #REF! | C8: 0.33868056 | D8: =#REF!/1000 -> #REF!
A9: 0.38564815 | B9: =#REF!/1000 -> #REF! | C9: 0.33902778 | D9: =#REF!/1000 -> #REF!
A10: 0.38599537 | B10: =#REF!/1000 -> #REF! | C10: 0.339375 | D10: =#REF!/1000 -> #REF!
A11: 0.38634259 | B11: =#REF!/1000 -> #REF! | C11: 0.33972222 | D11: =#REF!/1000 -> #REF!
A12: 0.38668981 | B12: =#REF!/1000 -> #REF! | C12: 0.34006944 | D12: =#REF!/1000 -> #REF!
A13: 0.38704861 | B13: =#REF!/1000 -> #REF! | C13: 0.34041667 | D13: =#REF!/1000 -> #REF!
A14: 0.38739583 | B14: =#REF!/1000 -> #REF! | C14: 0.34076389 | D14: =#REF!/1000 -> #REF!
... A711: 0.62939815 | B711: =#REF!/1000 -> #REF! | C711: 0.58290509 | D711: =#REF!/1000 -> #REF!
C712: 0.58325231 | D712: =#REF!/1000 -> #REF!
C713: 0.58359954 | D713: =#REF!/1000 -> #REF!
C714: 0.58394676 | D714: =#REF!/1000 -> #REF!
C715: 0.58429398 | D715: =#REF!/1000 -> #REF!
C716: 0.5846412 | D716: =#REF!/1000 -> #REF!
C717: 0.58498843 | D717: =#REF!/1000 -> #REF!
C718: 0.58533565 | D718: =#REF!/1000 -> #REF!
C719: 0.58534722 | D719: =#REF!/1000 -> #REF!

Sheet Calculations FO
A1: Day 1 | B1: Day 2 | C1: Day 3
A2: Time | B2: Jw day 2 | C2: Jw day 3
A3: =('Raw data replicate 2'!B2-'Raw data replicate 2'!$B$2)/60 -> 0 | B3: =('Raw replicate 1'!G2-'Raw replicate 1'!R2)/'Set points'!$H$4 -> 3.9576812 | C3: =('Raw data replicate 2'!F2-'Raw data replicate 2'!#REF!)/'Set points'!$H$4 -> #REF!
A4: =('Raw data replicate 2'!B3-'Raw data replicate 2'!$B$2)/60 -> 0.50166 | B4: =('Raw replicate 1'!G3-'Raw replicate 1'!R3)/'Set points'!$H$4 -> 4.2842246 | C4: =('Raw data replicate 2'!F3-'Raw data replicate 2'!#REF!)/'Set points'!$H$4 -> #REF!
A5: =('Raw data replicate 2'!B4-'Raw data replicate 2'!$B$2)/60 -> 1.0025033 | B5: =('Raw replicate 1'!G4-'Raw replicate 1'!R4)/'Set points'!$H$4 -> 4.8197101 | C5: =('Raw data replicate 2'!F4-'Raw data replicate 2'!#REF!)/'Set points'!$H$4 -> #REF!
A6: =('Raw data replicate 2'!B5-'Raw data replicate 2'!$B$2)/60 -> 1.5000033 | B6: =('Raw replicate 1'!G5-'Raw replicate 1'!R5)/'Set points'!$H$4 -> 3.747087 | C6: =('Raw data replicate 2'!F5-'Raw data replicate 2'!#REF!)/'Set points'!$H$4 -> #REF!
A7: =('Raw data replicate 2'!B6-'Raw data replicate 2'!$B$2)/60 -> 2.0016617 | B7: =('Raw replicate 1'!G6-'Raw replicate 1'!R6)/'Set points'!$H$4 -> 3.3576087 | C7: =('Raw data replicate 2'!F6-'Raw data replicate 2'!#REF!)/'Set points'!$H$4 -> #REF!
A8: =('Raw data replicate 2'!B7-'Raw data replicate 2'!$B$2)/60 -> 2.5025067 | B8: =('Raw replicate 1'!G7-'Raw replicate 1'!R7)/'Set points'!$H$4 -> 2.5697754 | C8: =('Raw data replicate 2'!F7-'Raw data replicate 2'!#REF!)/'Set points'!$H$4 -> #REF!
A9: =('Raw data replicate 2'!B8-'Raw data replicate 2'!$B$2)/60 -> 3.0033517 | B9: =('Raw replicate 1'!G8-'Raw replicate 1'!R8)/'Set points'!$H$4 -> 3.5007174 | C9: =('Raw data replicate 2'!F8-'Raw data replicate 2'!#REF!)/'Set points'!$H$4 -> #REF!
A10: =('Raw data replicate 2'!B9-'Raw data replicate 2'!$B$2)/60 -> 3.501665 | B10: =('Raw replicate 1'!G9-'Raw replicate 1'!R9)/'Set points'!$H$4 -> 3.0217174 | C10: =('Raw data replicate 2'!F9-'Raw data replicate 2'!#REF!)/'Set points'!$H$4 -> #REF!
A11: =('Raw data replicate 2'!B10-'Raw data replicate 2'!$B$2)/60 -> 4.00251 | B11: =('Raw replicate 1'!G10-'Raw replicate 1'!R10)/'Set points'!$H$4 -> 2.9787246 | C11: =('Raw data replicate 2'!F10-'Raw data replicate 2'!#REF!)/'Set points'!$H$4 -> #REF!
A12: =('Raw data replicate 2'!B11-'Raw data replicate 2'!$B$2)/60 -> 4.5033367 | B12: =('Raw replicate 1'!G11-'Raw replicate 1'!R11)/'Set points'!$H$4 -> 3.5383116 | C12: =('Raw data replicate 2'!F11-'Raw data replicate 2'!#REF!)/'Set points'!$H$4 -> #REF!
A13: =('Raw data replicate 2'!B12-'Raw data replicate 2'!$B$2)/60 -> 5.0025017 | B13: =('Raw replicate 1'!G12-'Raw replicate 1'!R12)/'Set points'!$H$4 -> 2.4709203 | C13: =('Raw data replicate 2'!F12-'Raw data replicate 2'!#REF!)/'Set points'!$H$4 -> #REF!
A14: =('Raw data replicate 2'!B13-'Raw data replicate 2'!$B$2)/60 -> 5.50416 | B14: =('Raw replicate 1'!G13-'Raw replicate 1'!R13)/'Set points'!$H$4 -> 3.0448623 | C14: =('Raw data replicate 2'!F13-'Raw data replicate 2'!#REF!)/'Set points'!$H$4 -> #REF!
... A719: =('Raw data replicate 2'!B718-'Raw data replicate 2'!$B$2)/60 -> 357.705 | B719: =('Raw replicate 1'!G718-'Raw replicate 1'!R718)/'Set points'!$H$4 -> 0 | C719: =('Raw data replicate 2'!F718-'Raw data replicate 2'!#REF!)/'Set points'!$H$4 -> #REF!
A721: Average | B721: =AVERAGE(B3:B711) -> 3.9386848 | C721: =AVERAGE(C3:C719) -> #REF!
A722: stdafv | B722: =STDEV(B3:B711) -> 0.25907271 | C722: =STDEV(C3:C719) -> #REF!
A723: CV | B723: =B722/B721 -> 0.065776451 | C723: =C722/C721 -> #REF!
